epoch,accuracy,learning_rate,loss,val_accuracy,val_loss
0,0.25925925374031067,0.0010000000474974513,1.9045745134353638,0.36574074625968933,1.5642164945602417
1,0.4340277910232544,0.0010000000474974513,1.4037752151489258,0.5277777910232544,1.321789026260376
2,0.5752314925193787,0.0010000000474974513,1.1420893669128418,0.5648148059844971,1.202691674232483
3,0.6620370149612427,0.0010000000474974513,0.9121589660644531,0.6111111044883728,1.13027024269104
4,0.7442129850387573,0.0010000000474974513,0.7190630435943604,0.6435185074806213,1.069760799407959
